<?xml version="1.0" encoding="utf-8"?>

<instance xmlns="http://www.exelearning.org/content/v0.3" reference="6" version="0.3" xmlns:xsi="http://www.w3.org/2001/XMLSchema-instance" xsi:schemalocation="http://www.exelearning.org/content/v0.3 content.xsd" class="exe.engine.package.Package">
 <dictionary>
  <string role="key" value="_title"></string>
  <unicode value=""></unicode>
  <string role="key" value="idevices"></string>
  <list></list>
  <string role="key" value="_backgroundImg"></string>
  <unicode value=""></unicode>
  <string role="key" value="_contextMode"></string>
  <unicode value=""></unicode>
  <string role="key" value="_contextPlace"></string>
  <unicode value=""></unicode>
  <string role="key" value="_docType"></string>
  <unicode value="XHTML"></unicode>
  <string role="key" value="_intendedEndUserRoleGroup"></string>
  <bool value="0"></bool>
  <string role="key" value="_intendedEndUserRoleTutor"></string>
  <bool value="0"></bool>
  <string role="key" value="_intendedEndUserRoleType"></string>
  <unicode value=""></unicode>
  <string role="key" value="_isChanged"></string>
  <bool value="1"></bool>
  <string role="key" value="_lang"></string>
  <unicode value="en"></unicode>
  <string role="key" value="_learningResourceType"></string>
  <unicode value=""></unicode>
  <string role="key" value="_levelNames"></string>
  <list>
   <unicode value="Topic"></unicode>
   <unicode value="Section"></unicode>
   <unicode value="Unit"></unicode>
  </list>
  <string role="key" value="_name"></string>
  <unicode value="newPackage"></unicode>
  <string role="key" value="_nextIdeviceId"></string>
  <int value="6"></int>
  <string role="key" value="_nextNodeId"></string>
  <int value="1"></int>
  <string role="key" value="_nodeIdDict"></string>
  <dictionary>
   <unicode role="key" value="0"></unicode>
   <instance class="exe.engine.node.Node" reference="1">
    <dictionary>
     <string role="key" value="_title"></string>
     <unicode value="Home"></unicode>
     <string role="key" value="idevices"></string>
     <list>
      <instance class="exe.engine.externalurlidevice.ExternalUrlIdevice">
       <dictionary>
        <string role="key" value="_title"></string>
        <unicode value="External Web Site"></unicode>
        <string role="key" value="_author"></string>
        <unicode value="University of Auckland"></unicode>
        <string role="key" value="_purpose"></string>
        <unicode value="The external website iDevice loads an external website 
into an inline frame in your eXe content rather then opening it in a popup box. 
This means learners are not having to juggle windows. 
This iDevice should only be used if your content 
will be viewed by learners online."></unicode>
        <string role="key" value="_tip"></string>
        <string value=""></string>
        <string role="key" value="_urlInstruc"></string>
        <unicode value="Enter the URL you wish to display
and select the size of the area to display it in."></unicode>
        <string role="key" value="edit"></string>
        <bool value="0"></bool>
        <string role="key" value="emphasis"></string>
        <int value="0"></int>
        <string role="key" value="exe.engine.externalurlidevice.ExternalUrlIdevice.persistenceVersion"></string>
        <int value="3"></int>
        <string role="key" value="height"></string>
        <unicode value="300"></unicode>
        <string role="key" value="icon"></string>
        <string value=""></string>
        <string role="key" value="id"></string>
        <unicode value="0"></unicode>
        <string role="key" value="lastIdevice"></string>
        <bool value="0"></bool>
        <string role="key" value="originalicon"></string>
        <string value=""></string>
        <string role="key" value="parentNode"></string>
        <reference key="1"></reference>
        <string role="key" value="systemResources"></string>
        <list></list>
        <string role="key" value="undo"></string>
        <bool value="1"></bool>
        <string role="key" value="url"></string>
        <unicode value="www.gmail.com"></unicode>
        <string role="key" value="userResources"></string>
        <list></list>
        <string role="key" value="version"></string>
        <int value="0"></int>
       </dictionary>
      </instance>
      <instance class="exe.engine.fileattachidevice.FileAttachIdeviceInc" reference="2">
       <dictionary>
        <string role="key" value="_title"></string>
        <unicode value="File Attachments"></unicode>
        <string role="key" value="_author"></string>
        <unicode value="Toughra Technologies FZ LLC."></unicode>
        <string role="key" value="_purpose"></string>
        <unicode value="File Attachments Idevice."></unicode>
        <string role="key" value="_tip"></string>
        <string value=""></string>
        <string role="key" value="edit"></string>
        <bool value="0"></bool>
        <string role="key" value="emphasis"></string>
        <int value="1"></int>
        <string role="key" value="exe.engine.fileattachidevice.FileAttachIdeviceInc.persistenceVersion"></string>
        <int value="2"></int>
        <string role="key" value="fileAttachmentFields"></string>
        <list>
         <instance class="exe.engine.extendedfieldengine.FileField" reference="3">
          <dictionary>
           <string role="key" value="_id"></string>
           <int value="83"></int>
           <string role="key" value="_idevice"></string>
           <reference key="2"></reference>
           <string role="key" value="_instruc"></string>
           <string value="File Field Help"></string>
           <string role="key" value="_name"></string>
           <string value="File Field"></string>
           <string role="key" value="alwaysNameTo"></string>
           <none></none>
           <string role="key" value="exe.engine.extendedfieldengine.FileField.persistenceVersion"></string>
           <int value="5"></int>
           <string role="key" value="exe.engine.field.Field.persistenceVersion"></string>
           <int value="3"></int>
           <string role="key" value="fileDescription"></string>
           <instance class="exe.engine.field.TextField">
            <dictionary>
             <string role="key" value="_id"></string>
             <int value="84"></int>
             <string role="key" value="_idevice"></string>
             <reference key="3"></reference>
             <string role="key" value="_instruc"></string>
             <string value=""></string>
             <string role="key" value="_name"></string>
             <string value="Description"></string>
             <string role="key" value="content"></string>
             <unicode value=""></unicode>
             <string role="key" value="exe.engine.field.Field.persistenceVersion"></string>
             <int value="3"></int>
            </dictionary>
           </instance>
           <string role="key" value="fileInstruc"></string>
           <string value="Upload a file"></string>
           <string role="key" value="fileResource"></string>
           <none></none>
          </dictionary>
         </instance>
        </list>
        <string role="key" value="fileAttachmentsDesc"></string>
        <list></list>
        <string role="key" value="icon"></string>
        <string value="assignment"></string>
        <string role="key" value="id"></string>
        <unicode value="1"></unicode>
        <string role="key" value="introHTML"></string>
        <instance class="exe.engine.field.TextAreaField" reference="4">
         <dictionary>
          <string role="key" value="_id"></string>
          <int value="82"></int>
          <string role="key" value="_idevice"></string>
          <reference key="2"></reference>
          <string role="key" value="_instruc"></string>
          <string value="Instructions"></string>
          <string role="key" value="_name"></string>
          <string value="Instructions"></string>
          <string role="key" value="anchor_names"></string>
          <list></list>
          <string role="key" value="anchors_linked_from_fields"></string>
          <dictionary></dictionary>
          <string role="key" value="content_w_resourcePaths"></string>
          <unicode content="true" value="&lt;p&gt;ini adalah fitur dimana author dapat memasukkan file&lt;/p&gt;"></unicode>
          <string role="key" value="exe.engine.field.Field.persistenceVersion"></string>
          <int value="3"></int>
          <string role="key" value="exe.engine.field.FieldWithResources.persistenceVersion"></string>
          <int value="2"></int>
          <string role="key" value="exe.engine.field.TextAreaField.persistenceVersion"></string>
          <int value="2"></int>
          <string role="key" value="htmlTag"></string>
          <string value="div"></string>
          <string role="key" value="images"></string>
          <instance class="exe.engine.galleryidevice.GalleryImages">
           <dictionary>
            <string role="key" value=".listitems"></string>
            <list></list>
            <string role="key" value="idevice"></string>
            <reference key="4"></reference>
           </dictionary>
          </instance>
          <string role="key" value="intlinks_to_anchors"></string>
          <dictionary></dictionary>
          <string role="key" value="nextImageId"></string>
          <int value="0"></int>
          <string role="key" value="parentNode"></string>
          <none></none>
         </dictionary>
        </instance>
        <string role="key" value="lastIdevice"></string>
        <bool value="0"></bool>
        <string role="key" value="originalicon"></string>
        <string value=""></string>
        <string role="key" value="parentNode"></string>
        <reference key="1"></reference>
        <string role="key" value="showDesc"></string>
        <instance class="exe.engine.extendedfieldengine.ChoiceField">
         <dictionary>
          <string role="key" value="_id"></string>
          <int value="81"></int>
          <string role="key" value="_idevice"></string>
          <reference key="2"></reference>
          <string role="key" value="_instruc"></string>
          <string value="Show Description"></string>
          <string role="key" value="_name"></string>
          <string value="Show description and link"></string>
          <string role="key" value="content"></string>
          <unicode value="yes"></unicode>
          <string role="key" value="exe.engine.extendedfieldengine.ChoiceField.persistenceVersion"></string>
          <int value="3"></int>
          <string role="key" value="exe.engine.field.Field.persistenceVersion"></string>
          <int value="3"></int>
          <string role="key" value="options"></string>
          <list>
           <list>
            <string value="yes"></string>
            <string value="Yes"></string>
           </list>
           <list>
            <string value="no"></string>
            <string value="No"></string>
           </list>
          </list>
         </dictionary>
        </instance>
        <string role="key" value="systemResources"></string>
        <list></list>
        <string role="key" value="userResources"></string>
        <list></list>
        <string role="key" value="version"></string>
        <int value="0"></int>
       </dictionary>
      </instance>
      <instance class="exe.engine.galleryidevice.GalleryIdevice" reference="5">
       <dictionary>
        <string role="key" value="_title"></string>
        <unicode value="Image Gallery"></unicode>
        <string role="key" value="_addImageInstr"></string>
        <unicode value="Click on the Add images button to select an image file. The image will appear below where you will be able to label it. It's always good practice to put the file size in the label."></unicode>
        <string role="key" value="_author"></string>
        <unicode value="eXe Project"></unicode>
        <string role="key" value="_htmlResource"></string>
        <none></none>
        <string role="key" value="_purpose"></string>
        <unicode value="&lt;p&gt;Where you have a number of images that relate 
to each other or to a particular learning exercise you may wish to display 
these in a gallery context rather then individually.&lt;/p&gt;"></unicode>
        <string role="key" value="_tip"></string>
        <unicode value="Use this Idevice if you have a lot of images to show."></unicode>
        <string role="key" value="_titleInstruc"></string>
        <unicode value="Enter a title for the gallery"></unicode>
        <string role="key" value="currentImageIndex"></string>
        <int value="0"></int>
        <string role="key" value="edit"></string>
        <bool value="0"></bool>
        <string role="key" value="emphasis"></string>
        <int value="1"></int>
        <string role="key" value="exe.engine.galleryidevice.GalleryIdevice.persistenceVersion"></string>
        <int value="8"></int>
        <string role="key" value="icon"></string>
        <string value="gallery"></string>
        <string role="key" value="id"></string>
        <unicode value="2"></unicode>
        <string role="key" value="images"></string>
        <instance class="exe.engine.galleryidevice.GalleryImages">
         <dictionary>
          <string role="key" value=".listitems"></string>
          <list>
           <instance class="exe.engine.galleryidevice.GalleryImage">
            <dictionary>
             <string role="key" value="_caption"></string>
             <instance class="exe.engine.field.TextField">
              <dictionary>
               <string role="key" value="_id"></string>
               <int value="155"></int>
               <string role="key" value="_idevice"></string>
               <none></none>
               <string role="key" value="_instruc"></string>
               <string value=""></string>
               <string role="key" value="_name"></string>
               <string value=""></string>
               <string role="key" value="content"></string>
               <unicode value="ini adalah fitur dimana author dapat memasukkan gambar"></unicode>
               <string role="key" value="exe.engine.field.Field.persistenceVersion"></string>
               <int value="3"></int>
              </dictionary>
             </instance>
             <string role="key" value="_id"></string>
             <unicode value="2.0"></unicode>
             <string role="key" value="_imageResource"></string>
             <instance class="exe.engine.resource.Resource" reference="7">
              <dictionary>
               <string role="key" value="_idevice"></string>
               <reference key="5"></reference>
               <string role="key" value="_package"></string>
               <reference key="6"></reference>
               <string role="key" value="_storageName"></string>
               <string value="keripik singkong gadung.jpg"></string>
               <string role="key" value="_userName"></string>
               <string value="D:\\aaa\\keripik singkong gadung.jpg"></string>
               <string role="key" value="checksum"></string>
               <string value="38990ef521019b5361859711355f86b5"></string>
               <string role="key" value="exe.engine.resource.Resource.persistenceVersion"></string>
               <int value="2"></int>
               <string role="key" value="exe.engine.resource._Resource.persistenceVersion"></string>
               <int value="2"></int>
              </dictionary>
             </instance>
             <string role="key" value="_parent"></string>
             <reference key="5"></reference>
             <string role="key" value="_thumbnailResource"></string>
             <instance class="exe.engine.resource.Resource" reference="8">
              <dictionary>
               <string role="key" value="_idevice"></string>
               <reference key="5"></reference>
               <string role="key" value="_package"></string>
               <reference key="6"></reference>
               <string role="key" value="_storageName"></string>
               <string value="keripik singkong gadungThumbnail.png"></string>
               <string role="key" value="_userName"></string>
               <string value="c:\\users\\riyana~1\\appdata\\local\\temp\\tmppqdgrr\\keripik singkong gadungThumbnail.png"></string>
               <string role="key" value="checksum"></string>
               <string value="c9b08aa86cd5074785d1de8c36fbde79"></string>
               <string role="key" value="exe.engine.resource.Resource.persistenceVersion"></string>
               <int value="2"></int>
               <string role="key" value="exe.engine.resource._Resource.persistenceVersion"></string>
               <int value="2"></int>
              </dictionary>
             </instance>
             <string role="key" value="exe.engine.galleryidevice.GalleryImage.persistenceVersion"></string>
             <int value="3"></int>
             <string role="key" value="makeThumbnail"></string>
             <bool value="1"></bool>
             <string role="key" value="size"></string>
             <tuple>
              <int value="1600"></int>
              <int value="900"></int>
             </tuple>
            </dictionary>
           </instance>
          </list>
          <string role="key" value="idevice"></string>
          <reference key="5"></reference>
         </dictionary>
        </instance>
        <string role="key" value="lastIdevice"></string>
        <bool value="0"></bool>
        <string role="key" value="nextImageId"></string>
        <int value="1"></int>
        <string role="key" value="originalicon"></string>
        <string value="gallery"></string>
        <string role="key" value="parentNode"></string>
        <reference key="1"></reference>
        <string role="key" value="systemResources"></string>
        <list></list>
        <string role="key" value="undo"></string>
        <bool value="0"></bool>
        <string role="key" value="userResources"></string>
        <list>
         <reference key="7"></reference>
         <reference key="8"></reference>
        </list>
        <string role="key" value="version"></string>
        <int value="0"></int>
       </dictionary>
      </instance>
      <instance class="exe.engine.imagemagnifieridevice.ImageMagnifierIdevice" reference="9">
       <dictionary>
        <string role="key" value="_title"></string>
        <unicode value="Image Magnifier"></unicode>
        <string role="key" value="_alignInstruc"></string>
        <unicode value="Alignment allows you to 
choose where on the screen the image will be positioned."></unicode>
        <string role="key" value="_author"></string>
        <unicode value="University of Auckland"></unicode>
        <string role="key" value="_captionInstruc"></string>
        <unicode value="Provide a caption for the 
image to be magnified."></unicode>
        <string role="key" value="_dimensionInstruc"></string>
        <unicode value="Choose the size you want 
your image to display at. The measurements are in pixels. Generally, 100 
pixels equals approximately 3cm. Leave both fields blank if you want the 
image to display at its original size."></unicode>
        <string role="key" value="_glassSizeInstruc"></string>
        <unicode value="Select the size of the magnifying glass"></unicode>
        <string role="key" value="_initialZoomInstruc"></string>
        <unicode value="Set the initial level of zoom 
when the IDevice loads, as a percentage of the original image size"></unicode>
        <string role="key" value="_maxZoomInstruc"></string>
        <unicode value="Set the maximum level of zoom, 
as a percentage of the original image size"></unicode>
        <string role="key" value="_purpose"></string>
        <unicode value="The image magnifier is a magnifying tool enabling
 learners to magnify the view of the image they have been given. Moving the 
magnifying glass over the image allows larger detail to be studied."></unicode>
        <string role="key" value="_tip"></string>
        <unicode value=""></unicode>
        <string role="key" value="caption"></string>
        <unicode value=""></unicode>
        <string role="key" value="edit"></string>
        <bool value="0"></bool>
        <string role="key" value="emphasis"></string>
        <int value="0"></int>
        <string role="key" value="exe.engine.imagemagnifieridevice.ImageMagnifierIdevice.persistenceVersion"></string>
        <int value="4"></int>
        <string role="key" value="float"></string>
        <unicode value="left"></unicode>
        <string role="key" value="icon"></string>
        <unicode value=""></unicode>
        <string role="key" value="id"></string>
        <unicode value="3"></unicode>
        <string role="key" value="imageMagnifier"></string>
        <instance class="exe.engine.field.MagnifierField">
         <dictionary>
          <string role="key" value="_id"></string>
          <int value="101"></int>
          <string role="key" value="_idevice"></string>
          <reference key="9"></reference>
          <string role="key" value="_instruc"></string>
          <unicode value="Click 
on the picture below or the &quot;Add Image&quot; button to select an image file to be 
magnified."></unicode>
          <string role="key" value="_name"></string>
          <unicode value="Choose an Image"></unicode>
          <string role="key" value="defaultImage"></string>
          <unicode value="C:\Program Files (x86)\exe\images\sunflowers.jpg"></unicode>
          <string role="key" value="exe.engine.field.Field.persistenceVersion"></string>
          <int value="3"></int>
          <string role="key" value="exe.engine.field.MagnifierField.persistenceVersion"></string>
          <int value="2"></int>
          <string role="key" value="glassSize"></string>
          <unicode value="2"></unicode>
          <string role="key" value="height"></string>
          <unicode value="100"></unicode>
          <string role="key" value="imageResource"></string>
          <instance class="exe.engine.resource.Resource" reference="11">
           <dictionary>
            <string role="key" value="_idevice"></string>
            <reference key="9"></reference>
            <string role="key" value="_package"></string>
            <reference key="6"></reference>
            <string role="key" value="_storageName"></string>
            <string value="C360_2015-01-12-10-04-08-193.jpg"></string>
            <string role="key" value="_userName"></string>
            <string value="D:\\aaa\\C360_2015-01-12-10-04-08-193.jpg"></string>
            <string role="key" value="checksum"></string>
            <string value="12b09174cf90ff7f711c86bd46536a97"></string>
            <string role="key" value="exe.engine.resource.Resource.persistenceVersion"></string>
            <int value="2"></int>
            <string role="key" value="exe.engine.resource._Resource.persistenceVersion"></string>
            <int value="2"></int>
           </dictionary>
          </instance>
          <string role="key" value="initialZSize"></string>
          <unicode value="100"></unicode>
          <string role="key" value="isDefaultImage"></string>
          <bool value="0"></bool>
          <string role="key" value="maxZSize"></string>
          <unicode value="100"></unicode>
          <string role="key" value="message"></string>
          <string value=""></string>
          <string role="key" value="width"></string>
          <unicode value="170"></unicode>
         </dictionary>
        </instance>
        <string role="key" value="lastIdevice"></string>
        <bool value="0"></bool>
        <string role="key" value="originalicon"></string>
        <unicode value=""></unicode>
        <string role="key" value="parentNode"></string>
        <reference key="1"></reference>
        <string role="key" value="systemResources"></string>
        <list>
         <string value="mojomagnify.js"></string>
        </list>
        <string role="key" value="text"></string>
        <instance class="exe.engine.field.TextAreaField" reference="10">
         <dictionary>
          <string role="key" value="_id"></string>
          <int value="102"></int>
          <string role="key" value="_idevice"></string>
          <reference key="9"></reference>
          <string role="key" value="_instruc"></string>
          <string value="Enter the text you wish to \nassociate with the file."></string>
          <string role="key" value="_name"></string>
          <unicode value="Text"></unicode>
          <string role="key" value="anchor_names"></string>
          <list></list>
          <string role="key" value="anchors_linked_from_fields"></string>
          <dictionary></dictionary>
          <string role="key" value="content_w_resourcePaths"></string>
          <unicode content="true" value="&lt;p&gt;ini adalah fitur dimana author dapat mengatur ukuran gambar sesuai dengan keinginannya&lt;/p&gt;"></unicode>
          <string role="key" value="exe.engine.field.Field.persistenceVersion"></string>
          <int value="3"></int>
          <string role="key" value="exe.engine.field.FieldWithResources.persistenceVersion"></string>
          <int value="2"></int>
          <string role="key" value="exe.engine.field.TextAreaField.persistenceVersion"></string>
          <int value="2"></int>
          <string role="key" value="htmlTag"></string>
          <string value="div"></string>
          <string role="key" value="images"></string>
          <instance class="exe.engine.galleryidevice.GalleryImages">
           <dictionary>
            <string role="key" value=".listitems"></string>
            <list></list>
            <string role="key" value="idevice"></string>
            <reference key="10"></reference>
           </dictionary>
          </instance>
          <string role="key" value="intlinks_to_anchors"></string>
          <dictionary></dictionary>
          <string role="key" value="nextImageId"></string>
          <int value="0"></int>
          <string role="key" value="parentNode"></string>
          <none></none>
         </dictionary>
        </instance>
        <string role="key" value="undo"></string>
        <bool value="0"></bool>
        <string role="key" value="userResources"></string>
        <list>
         <reference key="11"></reference>
        </list>
        <string role="key" value="version"></string>
        <int value="0"></int>
       </dictionary>
      </instance>
      <instance class="exe.engine.appletidevice.AppletIdevice">
       <dictionary>
        <string role="key" value="_title"></string>
        <unicode value="Java Applet"></unicode>
        <string role="key" value="_author"></string>
        <unicode value="University of Auckland"></unicode>
        <string role="key" value="_codeInstruc"></string>
        <unicode value="&quot;Find the .txt file (in the applet file) 
and open it. Copy the contents of this file &lt;ctrl A, ctrl C&gt; into the applet 
code field."></unicode>
        <string role="key" value="_fileInstruc"></string>
        <unicode value="Add all the files provided for the applet
except the .txt file one at a time using the add files and upload buttons. The 
files, once loaded will be displayed beneath the Applet code field."></unicode>
        <string role="key" value="_purpose"></string>
        <unicode value=""></unicode>
        <string role="key" value="_tip"></string>
        <unicode value=""></unicode>
        <string role="key" value="_typeInstruc"></string>
        <unicode value=" &lt;p&gt;If the applet you're adding was generated 
by one of the programs in this drop down, please select it, 
then add the data/applet file generated by your program. &lt;/p&gt;
&lt;p&gt;eg. For Geogebra applets, select geogebra, then add the .ggb file that 
you created in Geogebra.&lt;/p&gt;"></unicode>
        <string role="key" value="appletCode"></string>
        <unicode value=""></unicode>
        <string role="key" value="edit"></string>
        <bool value="0"></bool>
        <string role="key" value="emphasis"></string>
        <int value="0"></int>
        <string role="key" value="exe.engine.appletidevice.AppletIdevice.persistenceVersion"></string>
        <int value="1"></int>
        <string role="key" value="icon"></string>
        <unicode value=""></unicode>
        <string role="key" value="id"></string>
        <unicode value="4"></unicode>
        <string role="key" value="lastIdevice"></string>
        <bool value="0"></bool>
        <string role="key" value="message"></string>
        <string value=""></string>
        <string role="key" value="originalicon"></string>
        <unicode value=""></unicode>
        <string role="key" value="parentNode"></string>
        <reference key="1"></reference>
        <string role="key" value="systemResources"></string>
        <list></list>
        <string role="key" value="type"></string>
        <unicode value="other"></unicode>
        <string role="key" value="undo"></string>
        <bool value="1"></bool>
        <string role="key" value="userResources"></string>
        <list></list>
        <string role="key" value="version"></string>
        <int value="0"></int>
       </dictionary>
      </instance>
      <instance class="exe.engine.wikipediaidevice.WikipediaIdevice" reference="12">
       <dictionary>
        <string role="key" value="_title"></string>
        <unicode value="Wiki Article"></unicode>
        <string role="key" value="_author"></string>
        <unicode value="University of Auckland"></unicode>
        <string role="key" value="_langInstruc"></string>
        <unicode value="Select the appropriate language version 
of Wikipedia to search and enter search term."></unicode>
        <string role="key" value="_purpose"></string>
        <unicode value="&lt;p&gt;The Wikipedia iDevice allows you to locate 
existing content from within Wikipedia and download this content into your eXe 
resource. The Wikipedia Article iDevice takes a snapshot copy of the article 
content. Changes in Wikipedia will not automatically update individual snapshot 
copies in eXe, a fresh copy of the article will need to be taken. Likewise, 
changes made in eXe will not be updated in Wikipedia. &lt;/p&gt; &lt;p&gt;Wikipedia content 
is covered by the GNU free documentation license.&lt;/p&gt;"></unicode>
        <string role="key" value="_searchInstruc"></string>
        <string value="Enter a phrase or term you wish to search \nwithin Wikipedia."></string>
        <string role="key" value="_tip"></string>
        <unicode value=""></unicode>
        <string role="key" value="article"></string>
        <instance class="exe.engine.field.TextAreaField" reference="13">
         <dictionary>
          <string role="key" value="_id"></string>
          <int value="103"></int>
          <string role="key" value="_idevice"></string>
          <reference key="12"></reference>
          <string role="key" value="_instruc"></string>
          <string value=""></string>
          <string role="key" value="_name"></string>
          <unicode value="Article"></unicode>
          <string role="key" value="anchor_names"></string>
          <list></list>
          <string role="key" value="anchors_linked_from_fields"></string>
          <dictionary></dictionary>
          <string role="key" value="content_w_resourcePaths"></string>
          <unicode content="true" value=""></unicode>
          <string role="key" value="exe.engine.field.Field.persistenceVersion"></string>
          <int value="3"></int>
          <string role="key" value="exe.engine.field.FieldWithResources.persistenceVersion"></string>
          <int value="2"></int>
          <string role="key" value="exe.engine.field.TextAreaField.persistenceVersion"></string>
          <int value="2"></int>
          <string role="key" value="htmlTag"></string>
          <string value="div"></string>
          <string role="key" value="images"></string>
          <instance class="exe.engine.galleryidevice.GalleryImages">
           <dictionary>
            <string role="key" value=".listitems"></string>
            <list></list>
            <string role="key" value="idevice"></string>
            <reference key="13"></reference>
           </dictionary>
          </instance>
          <string role="key" value="intlinks_to_anchors"></string>
          <dictionary></dictionary>
          <string role="key" value="nextImageId"></string>
          <int value="0"></int>
          <string role="key" value="parentNode"></string>
          <none></none>
         </dictionary>
        </instance>
        <string role="key" value="articleName"></string>
        <unicode value=""></unicode>
        <string role="key" value="edit"></string>
        <bool value="0"></bool>
        <string role="key" value="emphasis"></string>
        <int value="0"></int>
        <string role="key" value="exe.engine.wikipediaidevice.WikipediaIdevice.persistenceVersion"></string>
        <int value="9"></int>
        <string role="key" value="icon"></string>
        <unicode value="inter"></unicode>
        <string role="key" value="id"></string>
        <unicode value="5"></unicode>
        <string role="key" value="images"></string>
        <dictionary></dictionary>
        <string role="key" value="lastIdevice"></string>
        <bool value="0"></bool>
        <string role="key" value="originalicon"></string>
        <unicode value=""></unicode>
        <string role="key" value="ownUrl"></string>
        <unicode value=""></unicode>
        <string role="key" value="parentNode"></string>
        <reference key="1"></reference>
        <string role="key" value="site"></string>
        <unicode value="http://en.wikipedia.org/wiki/"></unicode>
        <string role="key" value="systemResources"></string>
        <list>
         <string value="exe_wikipedia.css"></string>
        </list>
        <string role="key" value="undo"></string>
        <bool value="0"></bool>
        <string role="key" value="userResources"></string>
        <list></list>
        <string role="key" value="version"></string>
        <int value="0"></int>
       </dictionary>
      </instance>
     </list>
     <string role="key" value="_id"></string>
     <unicode value="0"></unicode>
     <string role="key" value="_package"></string>
     <reference key="6"></reference>
     <string role="key" value="exe.engine.node.Node.persistenceVersion"></string>
     <int value="2"></int>
     <string role="key" value="last_full_node_path"></string>
     <string value="exe-node:Home"></string>
     <string role="key" value="parent"></string>
     <none></none>
     <string role="key" value="children"></string>
     <list></list>
    </dictionary>
   </instance>
  </dictionary>
  <string role="key" value="_objectives"></string>
  <unicode value=""></unicode>
  <string role="key" value="_preknowledge"></string>
  <unicode value=""></unicode>
  <string role="key" value="backgroundImgTile"></string>
  <bool value="0"></bool>
  <string role="key" value="compatibleWithVersion9"></string>
  <bool value="0"></bool>
  <string role="key" value="currentNode"></string>
  <reference key="1"></reference>
  <string role="key" value="dublinCore"></string>
  <instance class="exe.engine.package.DublinCore">
   <dictionary>
    <string role="key" value="contributors"></string>
    <unicode value=""></unicode>
    <string role="key" value="coverage"></string>
    <unicode value=""></unicode>
    <string role="key" value="creator"></string>
    <unicode value=""></unicode>
    <string role="key" value="date"></string>
    <unicode value=""></unicode>
    <string role="key" value="description"></string>
    <unicode value=""></unicode>
    <string role="key" value="format"></string>
    <unicode value=""></unicode>
    <string role="key" value="identifier"></string>
    <unicode value="9de1f44c-a2b2-40a6-8306-46059ee25b34"></unicode>
    <string role="key" value="language"></string>
    <unicode value=""></unicode>
    <string role="key" value="publisher"></string>
    <unicode value=""></unicode>
    <string role="key" value="relation"></string>
    <unicode value=""></unicode>
    <string role="key" value="rights"></string>
    <unicode value=""></unicode>
    <string role="key" value="source"></string>
    <unicode value=""></unicode>
    <string role="key" value="subject"></string>
    <unicode value=""></unicode>
    <string role="key" value="title"></string>
    <unicode value=""></unicode>
    <string role="key" value="type"></string>
    <unicode value=""></unicode>
   </dictionary>
  </instance>
  <string role="key" value="exe.engine.package.Package.persistenceVersion"></string>
  <int value="13"></int>
  <string role="key" value="exportMetadataType"></string>
  <string value="LOMES"></string>
  <string role="key" value="exportSource"></string>
  <bool value="1"></bool>
  <string role="key" value="footer"></string>
  <string value=""></string>
  <string role="key" value="license"></string>
  <unicode value=""></unicode>
  <string role="key" value="lom"></string>
  <instance class="exe.engine.lom.lomsubs.lomSub">
   <dictionary>
    <string role="key" value="__index__"></string>
    <dictionary></dictionary>
    <string role="key" value="__oldchild__"></string>
    <none></none>
    <string role="key" value="annotation"></string>
    <list></list>
    <string role="key" value="classification"></string>
    <list></list>
    <string role="key" value="educational"></string>
    <list></list>
    <string role="key" value="general"></string>
    <instance class="exe.engine.lom.lomsubs.generalSub">
     <dictionary>
      <string role="key" value="aggregationLevel"></string>
      <instance class="exe.engine.lom.lomsubs.aggregationLevelSub">
       <dictionary>
        <string role="key" value="extensiontype_"></string>
        <none></none>
        <string role="key" value="source"></string>
        <instance class="exe.engine.lom.lomsubs.sourceValueSub">
         <dictionary>
          <string role="key" value="extensiontype_"></string>
          <none></none>
          <string role="key" value="string"></string>
          <list></list>
          <string role="key" value="uniqueElementName"></string>
          <string value="source"></string>
          <string role="key" value="valueOf_"></string>
          <string value="LOMv1.0"></string>
         </dictionary>
        </instance>
        <string role="key" value="uniqueElementName"></string>
        <string value="aggregationLevel"></string>
        <string role="key" value="value"></string>
        <instance class="exe.engine.lom.lomsubs.aggregationLevelValueSub">
         <dictionary>
          <string role="key" value="extensiontype_"></string>
          <none></none>
          <string role="key" value="source"></string>
          <none></none>
          <string role="key" value="uniqueElementName"></string>
          <string value="value"></string>
          <string role="key" value="value"></string>
          <none></none>
          <string role="key" value="valueOf_"></string>
          <string value="2"></string>
         </dictionary>
        </instance>
       </dictionary>
      </instance>
      <string role="key" value="coverage"></string>
      <list></list>
      <string role="key" value="description"></string>
      <list></list>
      <string role="key" value="identifier"></string>
      <list>
       <instance class="exe.engine.lom.lomsubs.identifierSub">
        <dictionary>
         <string role="key" value="catalog"></string>
         <instance class="exe.engine.lom.lomsubs.catalogSub">
          <dictionary>
           <string role="key" value="uniqueElementName"></string>
           <string value="catalog"></string>
           <string role="key" value="valueOf_"></string>
           <unicode value="My Catalog"></unicode>
          </dictionary>
         </instance>
         <string role="key" value="entry"></string>
         <instance class="exe.engine.lom.lomsubs.entrySub">
          <dictionary>
           <string role="key" value="uniqueElementName"></string>
           <string value="entry"></string>
           <string role="key" value="valueOf_"></string>
           <unicode value="9de1f44c-a2b2-40a6-8306-46059ee25b34"></unicode>
          </dictionary>
         </instance>
        </dictionary>
       </instance>
      </list>
      <string role="key" value="keyword"></string>
      <list></list>
      <string role="key" value="language"></string>
      <list></list>
      <string role="key" value="structure"></string>
      <none></none>
      <string role="key" value="title"></string>
      <none></none>
      <string role="key" value="uniqueElementName"></string>
      <string value="general"></string>
     </dictionary>
    </instance>
    <string role="key" value="lifeCycle"></string>
    <none></none>
    <string role="key" value="metaMetadata"></string>
    <instance class="exe.engine.lom.lomsubs.metaMetadataSub">
     <dictionary>
      <string role="key" value="contribute"></string>
      <list></list>
      <string role="key" value="identifier"></string>
      <list></list>
      <string role="key" value="language"></string>
      <none></none>
      <string role="key" value="metadataSchema"></string>
      <list>
       <instance class="exe.engine.lom.lomsubs.metadataSchemaSub">
        <dictionary>
         <string role="key" value="valueOf_"></string>
         <string value="LOMv1.0"></string>
        </dictionary>
       </instance>
      </list>
      <string role="key" value="uniqueElementName"></string>
      <string value="metaMetadata"></string>
     </dictionary>
    </instance>
    <string role="key" value="relation"></string>
    <list></list>
    <string role="key" value="rights"></string>
    <none></none>
    <string role="key" value="technical"></string>
    <none></none>
   </dictionary>
  </instance>
  <string role="key" value="lomEs"></string>
  <instance class="exe.engine.lom.lomsubs.lomSub">
   <dictionary>
    <string role="key" value="__index__"></string>
    <dictionary></dictionary>
    <string role="key" value="__oldchild__"></string>
    <none></none>
    <string role="key" value="annotation"></string>
    <list></list>
    <string role="key" value="classification"></string>
    <list></list>
    <string role="key" value="educational"></string>
    <list></list>
    <string role="key" value="general"></string>
    <instance class="exe.engine.lom.lomsubs.generalSub">
     <dictionary>
      <string role="key" value="aggregationLevel"></string>
      <instance class="exe.engine.lom.lomsubs.aggregationLevelSub">
       <dictionary>
        <string role="key" value="extensiontype_"></string>
        <none></none>
        <string role="key" value="source"></string>
        <instance class="exe.engine.lom.lomsubs.sourceValueSub">
         <dictionary>
          <string role="key" value="extensiontype_"></string>
          <none></none>
          <string role="key" value="string"></string>
          <list></list>
          <string role="key" value="uniqueElementName"></string>
          <string value="source"></string>
          <string role="key" value="valueOf_"></string>
          <string value="LOM-ESv1.0"></string>
         </dictionary>
        </instance>
        <string role="key" value="uniqueElementName"></string>
        <string value="aggregationLevel"></string>
        <string role="key" value="value"></string>
        <instance class="exe.engine.lom.lomsubs.aggregationLevelValueSub">
         <dictionary>
          <string role="key" value="extensiontype_"></string>
          <none></none>
          <string role="key" value="source"></string>
          <none></none>
          <string role="key" value="uniqueElementName"></string>
          <string value="value"></string>
          <string role="key" value="value"></string>
          <none></none>
          <string role="key" value="valueOf_"></string>
          <string value="2"></string>
         </dictionary>
        </instance>
       </dictionary>
      </instance>
      <string role="key" value="coverage"></string>
      <list></list>
      <string role="key" value="description"></string>
      <list></list>
      <string role="key" value="identifier"></string>
      <list>
       <instance class="exe.engine.lom.lomsubs.identifierSub">
        <dictionary>
         <string role="key" value="catalog"></string>
         <instance class="exe.engine.lom.lomsubs.catalogSub">
          <dictionary>
           <string role="key" value="uniqueElementName"></string>
           <string value="catalog"></string>
           <string role="key" value="valueOf_"></string>
           <unicode value="My Catalog"></unicode>
          </dictionary>
         </instance>
         <string role="key" value="entry"></string>
         <instance class="exe.engine.lom.lomsubs.entrySub">
          <dictionary>
           <string role="key" value="uniqueElementName"></string>
           <string value="entry"></string>
           <string role="key" value="valueOf_"></string>
           <unicode value="9de1f44c-a2b2-40a6-8306-46059ee25b34"></unicode>
          </dictionary>
         </instance>
        </dictionary>
       </instance>
      </list>
      <string role="key" value="keyword"></string>
      <list></list>
      <string role="key" value="language"></string>
      <list></list>
      <string role="key" value="structure"></string>
      <none></none>
      <string role="key" value="title"></string>
      <none></none>
      <string role="key" value="uniqueElementName"></string>
      <string value="general"></string>
     </dictionary>
    </instance>
    <string role="key" value="lifeCycle"></string>
    <none></none>
    <string role="key" value="metaMetadata"></string>
    <instance class="exe.engine.lom.lomsubs.metaMetadataSub">
     <dictionary>
      <string role="key" value="contribute"></string>
      <list></list>
      <string role="key" value="identifier"></string>
      <list></list>
      <string role="key" value="language"></string>
      <none></none>
      <string role="key" value="metadataSchema"></string>
      <list>
       <instance class="exe.engine.lom.lomsubs.metadataSchemaSub">
        <dictionary>
         <string role="key" value="valueOf_"></string>
         <string value="LOM-ESv1.0"></string>
        </dictionary>
       </instance>
      </list>
      <string role="key" value="uniqueElementName"></string>
      <string value="metaMetadata"></string>
     </dictionary>
    </instance>
    <string role="key" value="relation"></string>
    <list></list>
    <string role="key" value="rights"></string>
    <instance class="exe.engine.lom.lomsubs.rightsSub">
     <dictionary>
      <string role="key" value="access"></string>
      <instance class="exe.engine.lom.lomsubs.accessSub">
       <dictionary>
        <string role="key" value="accessType"></string>
        <instance class="exe.engine.lom.lomsubs.accessTypeSub">
         <dictionary>
          <string role="key" value="extensiontype_"></string>
          <none></none>
          <string role="key" value="source"></string>
          <instance class="exe.engine.lom.lomsubs.sourceValueSub">
           <dictionary>
            <string role="key" value="extensiontype_"></string>
            <none></none>
            <string role="key" value="string"></string>
            <list></list>
            <string role="key" value="uniqueElementName"></string>
            <string value="source"></string>
            <string role="key" value="valueOf_"></string>
            <string value="LOM-ESv1.0"></string>
           </dictionary>
          </instance>
          <string role="key" value="uniqueElementName"></string>
          <string value="accessType"></string>
          <string role="key" value="value"></string>
          <instance class="exe.engine.lom.lomsubs.accessTypeValueSub">
           <dictionary>
            <string role="key" value="extensiontype_"></string>
            <none></none>
            <string role="key" value="source"></string>
            <none></none>
            <string role="key" value="uniqueElementName"></string>
            <string value="value"></string>
            <string role="key" value="value"></string>
            <none></none>
            <string role="key" value="valueOf_"></string>
            <string value="universal"></string>
           </dictionary>
          </instance>
         </dictionary>
        </instance>
        <string role="key" value="description"></string>
        <instance class="exe.engine.lom.lomsubs.LanguageStringSub">
         <dictionary>
          <string role="key" value="extensiontype_"></string>
          <none></none>
          <string role="key" value="string"></string>
          <list>
           <instance class="exe.engine.lom.lomsubs.LangStringSub">
            <dictionary>
             <string role="key" value="language"></string>
             <string value="en"></string>
             <string role="key" value="valueOf_"></string>
             <unicode value="Default"></unicode>
            </dictionary>
           </instance>
          </list>
         </dictionary>
        </instance>
        <string role="key" value="uniqueElementName"></string>
        <string value="access"></string>
       </dictionary>
      </instance>
      <string role="key" value="copyrightAndOtherRestrictions"></string>
      <none></none>
      <string role="key" value="cost"></string>
      <none></none>
      <string role="key" value="description"></string>
      <none></none>
      <string role="key" value="uniqueElementName"></string>
      <string value="rights"></string>
     </dictionary>
    </instance>
    <string role="key" value="technical"></string>
    <none></none>
   </dictionary>
  </instance>
  <string role="key" value="mxmlforcemediaonly"></string>
  <bool value="0"></bool>
  <string role="key" value="mxmlheight"></string>
  <string value=""></string>
  <string role="key" value="mxmlprofilelist"></string>
  <string value=""></string>
  <string role="key" value="mxmlwidth"></string>
  <string value=""></string>
  <string role="key" value="resources"></string>
  <dictionary>
   <string role="key" value="12b09174cf90ff7f711c86bd46536a97"></string>
   <list>
    <reference key="11"></reference>
   </list>
   <string role="key" value="38990ef521019b5361859711355f86b5"></string>
   <list>
    <reference key="7"></reference>
   </list>
   <string role="key" value="c9b08aa86cd5074785d1de8c36fbde79"></string>
   <list>
    <reference key="8"></reference>
   </list>
  </dictionary>
  <string role="key" value="root"></string>
  <reference key="1"></reference>
  <string role="key" value="scolinks"></string>
  <bool value="0"></bool>
  <string role="key" value="scowsinglepage"></string>
  <bool value="0"></bool>
  <string role="key" value="scowwebsite"></string>
  <bool value="0"></bool>
  <string role="key" value="style"></string>
  <unicode value="INTEF"></unicode>
  <string role="key" value="sugaractivityname"></string>
  <string value=""></string>
  <string role="key" value="sugarservicename"></string>
  <string value=""></string>
 </dictionary>
</instance>